2243,GURRANANG,GURRANANG 2460 NSW,20,,,,,0,gurranang-2460,2460
2244,HALFWAY CREEK,HALFWAY CREEK 2460 NSW,20,,,,,0,halfway-creek-2460,2460
2245,HEIFER STATION,HEIFER STATION 2460 NSW,20,,,,,0,heifer-station-2460,2460
2246,JACKADGERY,JACKADGERY 2460 NSW,20,,,,,0,jackadgery-2460,2460
2257,LIONSVILLE,LIONSVILLE 2460 NSW,20,,,,,0,lionsville-2460,2460
2258,LOWER SOUTHGATE,LOWER SOUTHGATE 2460 NSW,20,,,,,0,lower-southgate-2460,2460
2259,MALABUGILMAH,MALABUGILMAH 2460 NSW,20,,,,,0,malabugilmah-2460,2460
2260,MOLEVILLE CREEK,MOLEVILLE CREEK 2460 NSW,20,,,,,0,moleville-creek-2460,2460
2261,MOUNTAIN VIEW,MOUNTAIN VIEW 2460 NSW,20,,,,,0,mountain-view-2460,2460
2262,MYLNEFORD,MYLNEFORD 2460 NSW,20,,,,,0,mylneford-2460,2460
2263,NEWBOLD,NEWBOLD 2460 NSW,20,,,,,0,newbold-2460,2460
2264,NYMBOIDA,NYMBOIDA 2460 NSW,20,,,,,0,nymboida-2460,2460
2265,PULGANBAR,PULGANBAR 2460 NSW,20,,,,,0,pulganbar-2460,2460
2266,RAMORNIE,RAMORNIE 2460 NSW,20,,,,,0,ramornie-2460,2460
2267,RUSHFORTH,RUSHFORTH 2460 NSW,20,,,,,0,rushforth-2460,2460
2268,SANDY CROSSING,SANDY CROSSING 2460 NSW,20,,,,,0,sandy-crossing-2460,2460
2269,SEELANDS,SEELANDS 2460 NSW,20,,,,,0,seelands-2460,2460
2270,SHANNONDALE,SHANNONDALE 2460 NSW,20,,,,,0,shannondale-2460,2460
2271,SOUTH GRAFTON,SOUTH GRAFTON 2460 NSW,20,,,,,0,south-grafton-2460,2460
2272,SOUTHAMPTON,SOUTHAMPTON 2460 NSW,20,,,,,0,southampton-2460,2460
2283,WATERVIEW,WATERVIEW 2460 NSW,20,,,,,0,waterview-2460,2460
2284,WATERVIEW HEIGHTS,WATERVIEW HEIGHTS 2460 NSW,20,,,,,0,waterview-heights-2460,2460
2285,WELLS CROSSING,WELLS CROSSING 2460 NSW,20,,,,,0,wells-crossing-2460,2460
2286,WHITEMAN CREEK,WHITEMAN CREEK 2460 NSW,20,,,,,0,whiteman-creek-2460,2460
2287,WINEGROVE,WINEGROVE 2460 NSW,20,,,,,0,winegrove-2460,2460
2288,WOMBAT CREEK,WOMBAT CREEK 2460 NSW,20,,,,,0,wombat-creek-2460,2460
2289,CALLIOPE,CALLIOPE 2462 NSW,20,,,,,0,calliope-2462,2462
2290,COLDSTREAM,COLDSTREAM 2462 NSW,20,,,,,0,coldstream-2462,2462
2291,DIGGERS CAMP,DIGGERS CAMP 2462 NSW,20,,,,,0,diggers-camp-2462,2462
2292,GILLETTS RIDGE,GILLETTS RIDGE 2462 NSW,20,,,,,0,gilletts-ridge-2462,2462
2293,LAKE HIAWATHA,LAKE HIAWATHA 2462 NSW,20,,,,,0,lake-hiawatha-2462,2462
2294,LAVADIA,LAVADIA 2462 NSW,20,,,,,0,lavadia-2462,2462
2295,MINNIE WATER,MINNIE WATER 2462 NSW,20,,,,,0,minnie-water-2462,2462
2296,PILLAR VALLEY,PILLAR VALLEY 2462 NSW,20,,,,,0,pillar-valley-2462,2462
2297,SWAN CREEK,SWAN CREEK 2462 NSW,20,,,,,0,swan-creek-2462,2462
2298,TUCABIA,TUCABIA 2462 NSW,20,,,,,0,tucabia-2462,2462
2299,ULMARRA,ULMARRA 2462 NSW,20,,,,,0,ulmarra-2462,2462
2300,WOOLI,WOOLI 2462 NSW,20,,,,,0,wooli-2462,2462
2311,PALMERS ISLAND,PALMERS ISLAND 2463 NSW,20,,,,,0,palmers-island-2463,2463
2312,SANDON,SANDON 2463 NSW,20,,,,,0,sandon-2463,2463
2313,SHARK CREEK,SHARK CREEK 2463 NSW,20,,,,,0,shark-creek-2463,2463
2314,TALOUMBI,TALOUMBI 2463 NSW,20,,,,,0,taloumbi-2463,2463
2315,THE SANDON,THE SANDON 2463 NSW,20,,,,,0,the-sandon-2463,2463
2316,TOWNSEND,TOWNSEND 2463 NSW,20,,,,,0,townsend-2463,2463
2317,TULLYMORGAN,TULLYMORGAN 2463 NSW,20,,,,,0,tullymorgan-2463,2463
2318,WOODFORD ISLAND,WOODFORD ISLAND 2463 NSW,20,,,,,0,woodford-island-2463,2463
2319,ANGOURIE,ANGOURIE 2464 NSW,20,,,,,0,angourie-2464,2464
2320,FREEBURN ISLAND,FREEBURN ISLAND 2464 NSW,20,,,,,0,freeburn-island-2464,2464
2321,MICALO ISLAND,MICALO ISLAND 2464 NSW,20,,,,,0,micalo-island-2464,2464
2322,WOOLOWEYAH,WOOLOWEYAH 2464 NSW,20,,,,,0,wooloweyah-2464,2464
2323,YAMBA,YAMBA 2464 NSW,20,,,,,0,yamba-2464,2464
2324,YURAYGIR,YURAYGIR 2464 NSW,20,,,,,0,yuraygir-2464,2464
2325,HARWOOD,HARWOOD 2465 NSW,20,,,,,0,harwood-2465,2465
2326,ILUKA,ILUKA 2466 NSW,20,,,,,0,iluka-2466,2466
2327,THE FRESHWATER,THE FRESHWATER 2466 NSW,20,,,,,0,the-freshwater-2466,2466
2328,WOODY HEAD,WOODY HEAD 2466 NSW,20,,,,,0,woody-head-2466,2466
2329,ALICE,ALICE 2469 NSW,20,,,,,0,alice-2469,2469
2411,CORAKI,CORAKI 2471 NSW,20,,,,,0,coraki-2471,2471
2340,CHATSWORTH,CHATSWORTH 2469 NSW,20,,,,,0,chatsworth-2469,2469
2341,CLEARFIELD,CLEARFIELD 2469 NSW,20,,,,,0,clearfield-2469,2469
2342,COONGBAR,COONGBAR 2469 NSW,20,,,,,0,coongbar-2469,2469
2343,CULMARAN CREEK,CULMARAN CREEK 2469 NSW,20,,,,,0,culmaran-creek-2469,2469
2344,DRAKE,DRAKE 2469 NSW,20,,,,,0,drake-2469,2469
2345,DRAKE VILLAGE,DRAKE VILLAGE 2469 NSW,20,,,,,0,drake-village-2469,2469
2346,DUCK CREEK,DUCK CREEK 2469 NSW,20,,,,,0,duck-creek-2469,2469
2347,EWINGAR,EWINGAR 2469 NSW,20,,,,,0,ewingar-2469,2469
2348,GIBBERAGEE,GIBBERAGEE 2469 NSW,20,,,,,0,gibberagee-2469,2469
2349,GOODWOOD ISLAND,GOODWOOD ISLAND 2469 NSW,20,,,,,0,goodwood-island-2469,2469
2350,GORGE CREEK,GORGE CREEK 2469 NSW,20,,,,,0,gorge-creek-2469,2469
2351,HAYSTACK,HAYSTACK 2469 NSW,20,,,,,0,haystack-2469,2469
2352,HOGARTH RANGE,HOGARTH RANGE 2469 NSW,20,,,,,0,hogarth-range-2469,2469
2353,JACKSONS FLAT,JACKSONS FLAT 2469 NSW,20,,,,,0,jacksons-flat-2469,2469
2354,JOES BOX,JOES BOX 2469 NSW,20,,,,,0,joes-box-2469,2469
2355,KEYBARBIN,KEYBARBIN 2469 NSW,20,,,,,0,keybarbin-2469,2469
2356,KIPPENDUFF,KIPPENDUFF 2469 NSW,20,,,,,0,kippenduff-2469,2469
2357,LOUISA CREEK,LOUISA CREEK 2469 NSW,20,,,,,0,louisa-creek-2469,2469
2358,LOWER BOTTLE CREEK,LOWER BOTTLE CREEK 2469 NSW,20,,,,,0,lower-bottle-creek-2469,2469
2369,PEACOCK CREEK,PEACOCK CREEK 2469 NSW,20,,,,,0,peacock-creek-2469,2469
2370,PIKAPENE,PIKAPENE 2469 NSW,20,,,,,0,pikapene-2469,2469
2371,RAPPVILLE,RAPPVILLE 2469 NSW,20,,,,,0,rappville-2469,2469
2372,SANDILANDS,SANDILANDS 2469 NSW,20,,,,,0,sandilands-2469,2469
2373,SIMPKINS CREEK,SIMPKINS CREEK 2469 NSW,20,,,,,0,simpkins-creek-2469,2469
2374,SIX MILE SWAMP,SIX MILE SWAMP 2469 NSW,20,,,,,0,six-mile-swamp-2469,2469
2375,TABULAM,TABULAM 2469 NSW,20,,,,,0,tabulam-2469,2469
2376,THERESA CREEK,THERESA CREEK 2469 NSW,20,,,,,0,theresa-creek-2469,2469
2377,TUNGLEBUNG,TUNGLEBUNG 2469 NSW,20,,,,,0,tunglebung-2469,2469
2378,UPPER DUCK CREEK,UPPER DUCK CREEK 2469 NSW,20,,,,,0,upper-duck-creek-2469,2469
2379,WARREGAH ISLAND,WARREGAH ISLAND 2469 NSW,20,,,,,0,warregah-island-2469,2469
2380,WHIPORIE,WHIPORIE 2469 NSW,20,,,,,0,whiporie-2469,2469
2381,WOOMBAH,WOOMBAH 2469 NSW,20,,,,,0,woombah-2469,2469
2382,WYAN,WYAN 2469 NSW,20,,,,,0,wyan-2469,2469
2383,YABBRA,YABBRA 2469 NSW,20,,,,,0,yabbra-2469,2469
2384,BABYL CREEK,BABYL CREEK 2470 NSW,20,,,,,0,babyl-creek-2470,2470
2385,BACKMEDE,BACKMEDE 2470 NSW,20,,,,,0,backmede-2470,2470
2396,MONGOGARIE,MONGOGARIE 2470 NSW,20,,,,,0,mongogarie-2470,2470
2397,NAUGHTONS GAP,NAUGHTONS GAP 2470 NSW,20,,,,,0,naughtons-gap-2470,2470
2398,NORTH CASINO,NORTH CASINO 2470 NSW,20,,,,,0,north-casino-2470,2470
2399,PIORA,PIORA 2470 NSW,20,,,,,0,piora-2470,2470
2400,SEXTONVILLE,SEXTONVILLE 2470 NSW,20,,,,,0,sextonville-2470,2470
2401,SHANNON BROOK,SHANNON BROOK 2470 NSW,20,,,,,0,shannon-brook-2470,2470
2402,SPRING GROVE,SPRING GROVE 2470 NSW,20,,,,,0,spring-grove-2470,2470
2403,STRATHEDEN,STRATHEDEN 2470 NSW,20,,,,,0,stratheden-2470,2470
2404,TOMKI,TOMKI 2470 NSW,20,,,,,0,tomki-2470,2470
2405,UPPER MONGOGARIE,UPPER MONGOGARIE 2470 NSW,20,,,,,0,upper-mongogarie-2470,2470
2406,WOODVIEW,WOODVIEW 2470 NSW,20,,,,,0,woodview-2470,2470
2407,WOOLNERS ARM,WOOLNERS ARM 2470 NSW,20,,,,,0,woolners-arm-2470,2470
2408,YORKLEA,YORKLEA 2470 NSW,20,,,,,0,yorklea-2470,2470
2409,BORA RIDGE,BORA RIDGE 2471 NSW,20,,,,,0,bora-ridge-2471,2471
2410,CODRINGTON,CODRINGTON 2471 NSW,20,,,,,0,codrington-2471,2471
2412,EAST CORAKI,EAST CORAKI 2471 NSW,20,,,,,0,east-coraki-2471,2471
2413,GREEN FOREST,GREEN FOREST 2471 NSW,20,,,,,0,green-forest-2471,2471
2414,GREENRIDGE,GREENRIDGE 2471 NSW,20,,,,,0,greenridge-2471,2471
2425,TABBIMOBLE,TABBIMOBLE 2472 NSW,20,,,,,0,tabbimoble-2472,2472
2426,TRUSTUMS HILL,TRUSTUMS HILL 2472 NSW,20,,,,,0,trustums-hill-2472,2472
2427,BUNDJALUNG,BUNDJALUNG 2473 NSW,20,,,,,0,bundjalung-2473,2473
2428,DOONBAH,DOONBAH 2473 NSW,20,,,,,0,doonbah-2473,2473
2429,EVANS HEAD,EVANS HEAD 2473 NSW,20,,,,,0,evans-head-2473,2473
2430,IRON GATES,IRON GATES 2473 NSW,20,,,,,0,iron-gates-2473,2473
2431,SOUTH EVANS HEAD,SOUTH EVANS HEAD 2473 NSW,20,,,,,0,south-evans-head-2473,2473
2432,AFTERLEE,AFTERLEE 2474 NSW,20,,,,,0,afterlee-2474,2474
2433,BARKERS VALE,BARKERS VALE 2474 NSW,20,,,,,0,barkers-vale-2474,2474
2434,BORDER RANGES,BORDER RANGES 2474 NSW,20,,,,,0,border-ranges-2474,2474
2435,CAWONGLA,CAWONGLA 2474 NSW,20,,,,,0,cawongla-2474,2474
2436,CEDAR POINT,CEDAR POINT 2474 NSW,20,,,,,0,cedar-point-2474,2474
2437,COLLINS CREEK,COLLINS CREEK 2474 NSW,20,,,,,0,collins-creek-2474,2474
2438,COUGAL,COUGAL 2474 NSW,20,,,,,0,cougal-2474,2474
2439,DAIRY FLAT,DAIRY FLAT 2474 NSW,20,,,,,0,dairy-flat-2474,2474
2440,EDEN CREEK,EDEN CREEK 2474 NSW,20,,,,,0,eden-creek-2474,2474
2441,EDENVILLE,EDENVILLE 2474 NSW,20,,,,,0,edenville-2474,2474
2442,ETTRICK,ETTRICK 2474 NSW,20,,,,,0,ettrick-2474,2474
2453,IRON POT CREEK,IRON POT CREEK 2474 NSW,20,,,,,0,iron-pot-creek-2474,2474
2454,KILGRA,KILGRA 2474 NSW,20,,,,,0,kilgra-2474,2474
2455,KYOGLE,KYOGLE 2474 NSW,20,,,,,0,kyogle-2474,2474
2456,LITTLE BACK CREEK,LITTLE BACK CREEK 2474 NSW,20,,,,,0,little-back-creek-2474,2474
2457,LOADSTONE,LOADSTONE 2474 NSW,20,,,,,0,loadstone-2474,2474
2458,LYNCHS CREEK,LYNCHS CREEK 2474 NSW,20,,,,,0,lynchs-creek-2474,2474
2459,NEW PARK,NEW PARK 2474 NSW,20,,,,,0,new-park-2474,2474
2460,OLD GREVILLIA,OLD GREVILLIA 2474 NSW,20,,,,,0,old-grevillia-2474,2474
2461,ROSEBERRY CREEK,ROSEBERRY CREEK 2474 NSW,20,,,,,0,roseberry-creek-2474,2474
2462,RUKENVALE,RUKENVALE 2474 NSW,20,,,,,0,rukenvale-2474,2474
2463,SAWPIT CREEK,SAWPIT CREEK 2474 NSW,20,,,,,0,sawpit-creek-2474,2474
2464,TERRACE CREEK,TERRACE CREEK 2474 NSW,20,,,,,0,terrace-creek-2474,2474
2465,THE RISK,THE RISK 2474 NSW,20,,,,,0,the-risk-2474,2474
2466,TOONUMBAR,TOONUMBAR 2474 NSW,20,,,,,0,toonumbar-2474,2474
2467,UNUMGAR,UNUMGAR 2474 NSW,20,,,,,0,unumgar-2474,2474
2468,UPPER EDEN CREEK,UPPER EDEN CREEK 2474 NSW,20,,,,,0,upper-eden-creek-2474,2474
2469,UPPER HORSESHOE CREEK,UPPER HORSESHOE CREEK 2474 NSW,20,,,,,0,upper-horseshoe-creek-2474,2474
2470,WADEVILLE,WADEVILLE 2474 NSW,20,,,,,0,wadeville-2474,2474
2481,KOREELAH,KOREELAH 2476 NSW,20,,,,,0,koreelah-2476,2476
2482,LEGUME,LEGUME 2476 NSW,20,,,,,0,legume-2476,2476
2699,CHINDERAH,CHINDERAH 2487 NSW,20,,,,,0,chinderah-2487,2487
2483,LINDESAY CREEK,LINDESAY CREEK 2476 NSW,20,,,,,0,lindesay-creek-2476,2476
2484,LOWER ACACIA CREEK,LOWER ACACIA CREEK 2476 NSW,20,,,,,0,lower-acacia-creek-2476,2476
2485,MULI MULI,MULI MULI 2476 NSW,20,,,,,0,muli-muli-2476,2476
2486,THE GLEN,THE GLEN 2476 NSW,20,,,,,0,the-glen-2476,2476
2487,WOODENBONG,WOODENBONG 2476 NSW,20,,,,,0,woodenbong-2476,2476
2488,ALSTONVALE,ALSTONVALE 2477 NSW,20,,,,,0,alstonvale-2477,2477
2489,ALSTONVILLE,ALSTONVILLE 2477 NSW,20,,,,,0,alstonville-2477,2477
2490,BAGOTVILLE,BAGOTVILLE 2477 NSW,20,,,,,0,bagotville-2477,2477
2491,EAST WARDELL,EAST WARDELL 2477 NSW,20,,,,,0,east-wardell-2477,2477
2492,GOAT ISLAND,GOAT ISLAND 2477 NSW,20,,,,,0,goat-island-2477,2477
2493,LYNWOOD,LYNWOOD 2477 NSW,20,,,,,0,lynwood-2477,2477
2494,MEERSCHAUM VALE,MEERSCHAUM VALE 2477 NSW,20,,,,,0,meerschaum-vale-2477,2477
2495,PEARCES CREEK,PEARCES CREEK 2477 NSW,20,,,,,0,pearces-creek-2477,2477
2496,ROUS,ROUS 2477 NSW,20,,,,,0,rous-2477,2477
2497,ROUS MILL,ROUS MILL 2477 NSW,20,,,,,0,rous-mill-2477,2477
2498,TUCKOMBIL,TUCKOMBIL 2477 NSW,20,,,,,0,tuckombil-2477,2477
2499,URALBA,URALBA 2477 NSW,20,,,,,0,uralba-2477,2477
2510,PIMLICO,PIMLICO 2478 NSW,20,,,,,0,pimlico-2478,2478
2511,PIMLICO ISLAND,PIMLICO ISLAND 2478 NSW,20,,,,,0,pimlico-island-2478,2478
2512,SKENNARS HEAD,SKENNARS HEAD 2478 NSW,20,,,,,0,skennars-head-2478,2478
2513,SOUTH BALLINA,SOUTH BALLINA 2478 NSW,20,,,,,0,south-ballina-2478,2478
2514,TEVEN,TEVEN 2478 NSW,20,,,,,0,teven-2478,2478
2515,TINTENBAR,TINTENBAR 2478 NSW,20,,,,,0,tintenbar-2478,2478
2516,WEST BALLINA,WEST BALLINA 2478 NSW,20,,,,,0,west-ballina-2478,2478
2517,BANGALOW,BANGALOW 2479 NSW,20,,,,,0,bangalow-2479,2479
2518,BINNA BURRA,BINNA BURRA 2479 NSW,20,,,,,0,binna-burra-2479,2479
2519,BROOKLET,BROOKLET 2479 NSW,20,,,,,0,brooklet-2479,2479
2520,COOPERS SHOOT,COOPERS SHOOT 2479 NSW,20,,,,,0,coopers-shoot-2479,2479
2521,COORABELL,COORABELL 2479 NSW,20,,,,,0,coorabell-2479,2479
2522,FERNLEIGH,FERNLEIGH 2479 NSW,20,,,,,0,fernleigh-2479,2479
2523,KNOCKROW,KNOCKROW 2479 NSW,20,,,,,0,knockrow-2479,2479
2524,MCLEODS SHOOT,MCLEODS SHOOT 2479 NSW,20,,,,,0,mcleods-shoot-2479,2479
2525,NASHUA,NASHUA 2479 NSW,20,,,,,0,nashua-2479,2479
2526,NEWRYBAR,NEWRYBAR 2479 NSW,20,,,,,0,newrybar-2479,2479
2527,POSSUM CREEK,POSSUM CREEK 2479 NSW,20,,,,,0,possum-creek-2479,2479
2538,CLOVASS,CLOVASS 2480 NSW,20,,,,,0,clovass-2480,2480
2539,CLUNES,CLUNES 2480 NSW,20,,,,,0,clunes-2480,2480
2540,COFFEE CAMP,COFFEE CAMP 2480 NSW,20,,,,,0,coffee-camp-2480,2480
2541,CORNDALE,CORNDALE 2480 NSW,20,,,,,0,corndale-2480,2480
2542,DORROUGHBY,DORROUGHBY 2480 NSW,20,,,,,0,dorroughby-2480,2480
2543,DUNGARUBBA,DUNGARUBBA 2480 NSW,20,,,,,0,dungarubba-2480,2480
2544,DUNOON,DUNOON 2480 NSW,20,,,,,0,dunoon-2480,2480
2545,EAST LISMORE,EAST LISMORE 2480 NSW,20,,,,,0,east-lismore-2480,2480
2546,ELTHAM,ELTHAM 2480 NSW,20,,,,,0,eltham-2480,2480
2547,EUREKA,EUREKA 2480 NSW,20,,,,,0,eureka-2480,2480
2548,FEDERAL,FEDERAL 2480 NSW,20,,,,,0,federal-2480,2480
2549,FERNSIDE,FERNSIDE 2480 NSW,20,,,,,0,fernside-2480,2480
2550,GEORGICA,GEORGICA 2480 NSW,20,,,,,0,georgica-2480,2480
2551,GIRARDS HILL,GIRARDS HILL 2480 NSW,20,,,,,0,girards-hill-2480,2480
2552,GOOLMANGAR,GOOLMANGAR 2480 NSW,20,,,,,0,goolmangar-2480,2480
2553,GOONELLABAH,GOONELLABAH 2480 NSW,20,,,,,0,goonellabah-2480,2480
2554,HOWARDS GRASS,HOWARDS GRASS 2480 NSW,20,,,,,0,howards-grass-2480,2480
2555,JIGGI,JIGGI 2480 NSW,20,,,,,0,jiggi-2480,2480
2556,KEERRONG,KEERRONG 2480 NSW,20,,,,,0,keerrong-2480,2480
2557,KOONORIGAN,KOONORIGAN 2480 NSW,20,,,,,0,koonorigan-2480,2480
2568,MCLEANS RIDGES,MCLEANS RIDGES 2480 NSW,20,,,,,0,mcleans-ridges-2480,2480
2569,MODANVILLE,MODANVILLE 2480 NSW,20,,,,,0,modanville-2480,2480
2570,MONALTRIE,MONALTRIE 2480 NSW,20,,,,,0,monaltrie-2480,2480
2571,MOUNTAIN TOP,MOUNTAIN TOP 2480 NSW,20,,,,,0,mountain-top-2480,2480
2572,NIGHTCAP,NIGHTCAP 2480 NSW,20,,,,,0,nightcap-2480,2480
2573,NIMBIN,NIMBIN 2480 NSW,20,,,,,0,nimbin-2480,2480
2574,NORTH LISMORE,NORTH LISMORE 2480 NSW,20,,,,,0,north-lismore-2480,2480
2575,NUMULGI,NUMULGI 2480 NSW,20,,,,,0,numulgi-2480,2480
2576,REPENTANCE CREEK,REPENTANCE CREEK 2480 NSW,20,,,,,0,repentance-creek-2480,2480
2577,RICHMOND HILL,RICHMOND HILL 2480 NSW,20,,,,,0,richmond-hill-2480,2480
2578,ROCK VALLEY,ROCK VALLEY 2480 NSW,20,,,,,0,rock-valley-2480,2480
2579,ROSEBANK,ROSEBANK 2480 NSW,20,,,,,0,rosebank-2480,2480
2580,RUTHVEN,RUTHVEN 2480 NSW,20,,,,,0,ruthven-2480,2480
2581,SOUTH GUNDURIMBA,SOUTH GUNDURIMBA 2480 NSW,20,,,,,0,south-gundurimba-2480,2480
2582,SOUTH LISMORE,SOUTH LISMORE 2480 NSW,20,,,,,0,south-lismore-2480,2480
2583,STONY CHUTE,STONY CHUTE 2480 NSW,20,,,,,0,stony-chute-2480,2480
2584,TERANIA CREEK,TERANIA CREEK 2480 NSW,20,,,,,0,terania-creek-2480,2480
2585,THE CHANNON,THE CHANNON 2480 NSW,20,,,,,0,the-channon-2480,2480
2586,TREGEAGLE,TREGEAGLE 2480 NSW,20,,,,,0,tregeagle-2480,2480
2587,TUCKI TUCKI,TUCKI TUCKI 2480 NSW,20,,,,,0,tucki-tucki-2480,2480
2588,TUCKURIMBA,TUCKURIMBA 2480 NSW,20,,,,,0,tuckurimba-2480,2480
2599,MYOCUM,MYOCUM 2481 NSW,20,,,,,0,myocum-2481,2481
2600,SKINNERS SHOOT,SKINNERS SHOOT 2481 NSW,20,,,,,0,skinners-shoot-2481,2481
2601,SUFFOLK PARK,SUFFOLK PARK 2481 NSW,20,,,,,0,suffolk-park-2481,2481
2602,TALOFA,TALOFA 2481 NSW,20,,,,,0,talofa-2481,2481
2603,TYAGARAH,TYAGARAH 2481 NSW,20,,,,,0,tyagarah-2481,2481
2604,GOONENGERRY,GOONENGERRY 2482 NSW,20,,,,,0,goonengerry-2482,2482
2605,HUONBROOK,HUONBROOK 2482 NSW,20,,,,,0,huonbrook-2482,2482
2606,KOONYUM RANGE,KOONYUM RANGE 2482 NSW,20,,,,,0,koonyum-range-2482,2482
2607,MAIN ARM,MAIN ARM 2482 NSW,20,,,,,0,main-arm-2482,2482
2608,MONTECOLLUM,MONTECOLLUM 2482 NSW,20,,,,,0,montecollum-2482,2482
2609,MULLUMBIMBY,MULLUMBIMBY 2482 NSW,20,,,,,0,mullumbimby-2482,2482
2610,MULLUMBIMBY CREEK,MULLUMBIMBY CREEK 2482 NSW,20,,,,,0,mullumbimby-creek-2482,2482
2611,PALMWOODS,PALMWOODS 2482 NSW,20,,,,,0,palmwoods-2482,2482
2612,UPPER COOPERS CREEK,UPPER COOPERS CREEK 2482 NSW,20,,,,,0,upper-coopers-creek-2482,2482
2613,UPPER MAIN ARM,UPPER MAIN ARM 2482 NSW,20,,,,,0,upper-main-arm-2482,2482
2614,UPPER WILSONS CREEK,UPPER WILSONS CREEK 2482 NSW,20,,,,,0,upper-wilsons-creek-2482,2482
2615,WANGANUI,WANGANUI 2482 NSW,20,,,,,0,wanganui-2482,2482
2616,WILSONS CREEK,WILSONS CREEK 2482 NSW,20,,,,,0,wilsons-creek-2482,2482
2617,BILLINUDGEL,BILLINUDGEL 2483 NSW,20,,,,,0,billinudgel-2483,2483
2618,BRUNSWICK HEADS,BRUNSWICK HEADS 2483 NSW,20,,,,,0,brunswick-heads-2483,2483
2619,BURRINGBAR,BURRINGBAR 2483 NSW,20,,,,,0,burringbar-2483,2483
2698,CASUARINA,CASUARINA 2487 NSW,20,,,,,0,casuarina-2487,2487
2700,CUDGEN,CUDGEN 2487 NSW,20,,,,,0,cudgen-2487,2487
2630,YELGUN,YELGUN 2483 NSW,20,,,,,0,yelgun-2483,2483
2631,BRAY PARK,BRAY PARK 2484 NSW,20,,,,,0,bray-park-2484,2484
2632,BRAYS CREEK,BRAYS CREEK 2484 NSW,20,,,,,0,brays-creek-2484,2484
2633,BYANGUM,BYANGUM 2484 NSW,20,,,,,0,byangum-2484,2484
2634,BYRRILL CREEK,BYRRILL CREEK 2484 NSW,20,,,,,0,byrrill-creek-2484,2484
2635,CHILLINGHAM,CHILLINGHAM 2484 NSW,20,,,,,0,chillingham-2484,2484
2636,CHOWAN CREEK,CHOWAN CREEK 2484 NSW,20,,,,,0,chowan-creek-2484,2484
2637,CLOTHIERS CREEK,CLOTHIERS CREEK 2484 NSW,20,,,,,0,clothiers-creek-2484,2484
2638,COMMISSIONERS CREEK,COMMISSIONERS CREEK 2484 NSW,20,,,,,0,commissioners-creek-2484,2484
2639,CONDONG,CONDONG 2484 NSW,20,,,,,0,condong-2484,2484
2640,CRYSTAL CREEK,CRYSTAL CREEK 2484 NSW,20,,,,,0,crystal-creek-2484,2484
2641,CUDGERA CREEK,CUDGERA CREEK 2484 NSW,20,,,,,0,cudgera-creek-2484,2484
2642,DOON DOON,DOON DOON 2484 NSW,20,,,,,0,doon-doon-2484,2484
2643,DULGUIGAN,DULGUIGAN 2484 NSW,20,,,,,0,dulguigan-2484,2484
2644,DUM DUM,DUM DUM 2484 NSW,20,,,,,0,dum-dum-2484,2484
2645,DUNBIBLE,DUNBIBLE 2484 NSW,20,,,,,0,dunbible-2484,2484
2646,DUNGAY,DUNGAY 2484 NSW,20,,,,,0,dungay-2484,2484
2647,EUNGELLA,EUNGELLA 2484 NSW,20,,,,,0,eungella-2484,2484
2648,EVIRON,EVIRON 2484 NSW,20,,,,,0,eviron-2484,2484
2649,FARRANTS HILL,FARRANTS HILL 2484 NSW,20,,,,,0,farrants-hill-2484,2484
2660,MOUNT WARNING,MOUNT WARNING 2484 NSW,20,,,,,0,mount-warning-2484,2484
2661,MURWILLUMBAH,MURWILLUMBAH 2484 NSW,20,,,,,0,murwillumbah-2484,2484
2662,NOBBYS CREEK,NOBBYS CREEK 2484 NSW,20,,,,,0,nobbys-creek-2484,2484
2663,NORTH ARM,NORTH ARM 2484 NSW,20,,,,,0,north-arm-2484,2484
2664,NUMINBAH,NUMINBAH 2484 NSW,20,,,,,0,numinbah-2484,2484
2665,NUNDERI,NUNDERI 2484 NSW,20,,,,,0,nunderi-2484,2484
2666,PALMVALE,PALMVALE 2484 NSW,20,,,,,0,palmvale-2484,2484
2667,PUMPENBIL,PUMPENBIL 2484 NSW,20,,,,,0,pumpenbil-2484,2484
2668,RESERVE CREEK,RESERVE CREEK 2484 NSW,20,,,,,0,reserve-creek-2484,2484
2669,ROUND MOUNTAIN,ROUND MOUNTAIN 2484 NSW,20,,,,,0,round-mountain-2484,2484
2670,ROWLANDS CREEK,ROWLANDS CREEK 2484 NSW,20,,,,,0,rowlands-creek-2484,2484
2671,SOUTH MURWILLUMBAH,SOUTH MURWILLUMBAH 2484 NSW,20,,,,,0,south-murwillumbah-2484,2484
2672,STOKERS SIDING,STOKERS SIDING 2484 NSW,20,,,,,0,stokers-siding-2484,2484
2673,TERRAGON,TERRAGON 2484 NSW,20,,,,,0,terragon-2484,2484
2674,TOMEWIN,TOMEWIN 2484 NSW,20,,,,,0,tomewin-2484,2484
2675,TYALGUM,TYALGUM 2484 NSW,20,,,,,0,tyalgum-2484,2484
2676,TYALGUM CREEK,TYALGUM CREEK 2484 NSW,20,,,,,0,tyalgum-creek-2484,2484
2677,TYGALGAH,TYGALGAH 2484 NSW,20,,,,,0,tygalgah-2484,2484
2678,UKI,UKI 2484 NSW,20,,,,,0,uki-2484,2484
2679,UPPER CRYSTAL CREEK,UPPER CRYSTAL CREEK 2484 NSW,20,,,,,0,upper-crystal-creek-2484,2484
2690,COBAKI,COBAKI 2486 NSW,20,,,,,0,cobaki-2486,2486
2691,COBAKI LAKES,COBAKI LAKES 2486 NSW,20,,,,,0,cobaki-lakes-2486,2486
2692,DUROBY,DUROBY 2486 NSW,20,,,,,0,duroby-2486,2486
2693,GLENGARRIE,GLENGARRIE 2486 NSW,20,,,,,0,glengarrie-2486,2486
2694,PIGGABEEN,PIGGABEEN 2486 NSW,20,,,,,0,piggabeen-2486,2486
2695,TERRANORA,TERRANORA 2486 NSW,20,,,,,0,terranora-2486,2486
2696,TWEED HEADS SOUTH,TWEED HEADS SOUTH 2486 NSW,20,,,,,0,tweed-heads-south-2486,2486
2697,UPPER DUROBY,UPPER DUROBY 2486 NSW,20,,,,,0,upper-duroby-2486,2486
2701,DURANBAH,DURANBAH 2487 NSW,20,,,,,0,duranbah-2487,2487
2702,FINGAL HEAD,FINGAL HEAD 2487 NSW,20,,,,,0,fingal-head-2487,2487
2703,KINGS FOREST,KINGS FOREST 2487 NSW,20,,,,,0,kings-forest-2487,2487
2704,KINGSCLIFF,KINGSCLIFF 2487 NSW,20,,,,,0,kingscliff-2487,2487
2705,STOTTS CREEK,STOTTS CREEK 2487 NSW,20,,,,,0,stotts-creek-2487,2487
2706,BOGANGAR,BOGANGAR 2488 NSW,20,,,,,0,bogangar-2488,2488
2707,CABARITA BEACH,CABARITA BEACH 2488 NSW,20,,,,,0,cabarita-beach-2488,2488
2708,TANGLEWOOD,TANGLEWOOD 2488 NSW,20,,,,,0,tanglewood-2488,2488
2709,HASTINGS POINT,HASTINGS POINT 2489 NSW,20,,,,,0,hastings-point-2489,2489
2720,WEST WOLLONGONG,WEST WOLLONGONG 2500 NSW,20,,,,,0,west-wollongong-2500,2500
2721,WOLLONGONG,WOLLONGONG 2500 NSW,20,,,,,0,wollongong-2500,2500
2722,CRINGILA,CRINGILA 2502 NSW,20,,,,,0,cringila-2502,2502
2723,LAKE HEIGHTS,LAKE HEIGHTS 2502 NSW,20,,,,,0,lake-heights-2502,2502
2724,PRIMBEE,PRIMBEE 2502 NSW,20,,,,,0,primbee-2502,2502
2725,WARRAWONG,WARRAWONG 2502 NSW,20,,,,,0,warrawong-2502,2502
2726,PORT KEMBLA,PORT KEMBLA 2505 NSW,20,,,,,0,port-kembla-2505,2505
2727,BERKELEY,BERKELEY 2506 NSW,20,,,,,0,berkeley-2506,2506
2728,COALCLIFF,COALCLIFF 2508 NSW,20,,,,,0,coalcliff-2508,2508
2729,DARKES FOREST,DARKES FOREST 2508 NSW,20,,,,,0,darkes-forest-2508,2508
2730,HELENSBURGH,HELENSBURGH 2508 NSW,20,,,,,0,helensburgh-2508,2508
2731,LILYVALE,LILYVALE 2508 NSW,20,,,,,0,lilyvale-2508,2508
2732,MADDENS PLAINS,MADDENS PLAINS 2508 NSW,20,,,,,0,maddens-plains-2508,2508
2733,OTFORD,OTFORD 2508 NSW,20,,,,,0,otford-2508,2508
2734,STANWELL PARK,STANWELL PARK 2508 NSW,20,,,,,0,stanwell-park-2508,2508
2735,STANWELL TOPS,STANWELL TOPS 2508 NSW,20,,,,,0,stanwell-tops-2508,2508
2736,WORONORA DAM,WORONORA DAM 2508 NSW,20,,,,,0,woronora-dam-2508,2508
2737,AUSTINMER,AUSTINMER 2515 NSW,20,,,,,0,austinmer-2515,2515
2738,CLIFTON,CLIFTON 2515 NSW,20,,,,,0,clifton-2515,2515
2739,COLEDALE,COLEDALE 2515 NSW,20,,,,,0,coledale-2515,2515
2750,TOWRADGI,TOWRADGI 2518 NSW,20,,,,,0,towradgi-2518,2518
2751,BALGOWNIE,BALGOWNIE 2519 NSW,20,,,,,0,balgownie-2519,2519
2752,FAIRY MEADOW,FAIRY MEADOW 2519 NSW,20,,,,,0,fairy-meadow-2519,2519
2753,FERNHILL,FERNHILL 2519 NSW,20,,,,,0,fernhill-2519,2519
2754,MOUNT OUSLEY,MOUNT OUSLEY 2519 NSW,20,,,,,0,mount-ousley-2519,2519
2755,UNIVERSITY OF WOLLONGONG,UNIVERSITY OF WOLLONGONG 2522 NSW,20,,,,,0,university-of-wollongong-2522,2522
2756,FIGTREE,FIGTREE 2525 NSW,20,,,,,0,figtree-2525,2525
2757,CORDEAUX,CORDEAUX 2526 NSW,20,,,,,0,cordeaux-2526,2526
2758,CORDEAUX HEIGHTS,CORDEAUX HEIGHTS 2526 NSW,20,,,,,0,cordeaux-heights-2526,2526
2759,FARMBOROUGH HEIGHTS,FARMBOROUGH HEIGHTS 2526 NSW,20,,,,,0,farmborough-heights-2526,2526
2760,KEMBLA GRANGE,KEMBLA GRANGE 2526 NSW,20,,,,,0,kembla-grange-2526,2526
2761,KEMBLA HEIGHTS,KEMBLA HEIGHTS 2526 NSW,20,,,,,0,kembla-heights-2526,2526
2762,MOUNT KEMBLA,MOUNT KEMBLA 2526 NSW,20,,,,,0,mount-kembla-2526,2526
2763,UNANDERRA,UNANDERRA 2526 NSW,20,,,,,0,unanderra-2526,2526
2764,ALBION PARK,ALBION PARK 2527 NSW,20,,,,,0,albion-park-2527,2527
2775,WARILLA,WARILLA 2528 NSW,20,,,,,0,warilla-2528,2528
2776,WINDANG,WINDANG 2528 NSW,20,,,,,0,windang-2528,2528
2777,BLACKBUTT,BLACKBUTT 2529 NSW,20,,,,,0,blackbutt-2529,2529
2778,DUNMORE,DUNMORE 2529 NSW,20,,,,,0,dunmore-2529,2529
2779,FLINDERS,FLINDERS 2529 NSW,20,,,,,0,flinders-2529,2529
2780,OAK FLATS,OAK FLATS 2529 NSW,20,,,,,0,oak-flats-2529,2529
2781,SHELL COVE,SHELL COVE 2529 NSW,20,,,,,0,shell-cove-2529,2529
2782,SHELLHARBOUR,SHELLHARBOUR 2529 NSW,20,,,,,0,shellharbour-2529,2529
2783,SHELLHARBOUR CITY CENTRE,SHELLHARBOUR CITY CENTRE 2529 NSW,20,,,,,0,shellharbour-city-centre-2529,2529
2784,AVONDALE,AVONDALE 2530 NSW,20,,,,,0,avondale-2530,2530
2785,BROWNSVILLE,BROWNSVILLE 2530 NSW,20,,,,,0,brownsville-2530,2530
2786,CLEVELAND,CLEVELAND 2530 NSW,20,,,,,0,cleveland-2530,2530
2787,DAPTO,DAPTO 2530 NSW,20,,,,,0,dapto-2530,2530
2788,DOMBARTON,DOMBARTON 2530 NSW,20,,,,,0,dombarton-2530,2530
2789,HAYWARDS BAY,HAYWARDS BAY 2530 NSW,20,,,,,0,haywards-bay-2530,2530
2790,HORSLEY,HORSLEY 2530 NSW,20,,,,,0,horsley-2530,2530
2801,KIAMA DOWNS,KIAMA DOWNS 2533 NSW,20,,,,,0,kiama-downs-2533,2533
2802,KIAMA HEIGHTS,KIAMA HEIGHTS 2533 NSW,20,,,,,0,kiama-heights-2533,2533
2803,MINNAMURRA,MINNAMURRA 2533 NSW,20,,,,,0,minnamurra-2533,2533
2804,SADDLEBACK MOUNTAIN,SADDLEBACK MOUNTAIN 2533 NSW,20,,,,,0,saddleback-mountain-2533,2533
2805,BROUGHTON VILLAGE,BROUGHTON VILLAGE 2534 NSW,20,,,,,0,broughton-village-2534,2534
2806,FOXGROUND,FOXGROUND 2534 NSW,20,,,,,0,foxground-2534,2534
2807,GERRINGONG,GERRINGONG 2534 NSW,20,,,,,0,gerringong-2534,2534
2808,GERROA,GERROA 2534 NSW,20,,,,,0,gerroa-2534,2534
2809,TOOLIJOOA,TOOLIJOOA 2534 NSW,20,,,,,0,toolijooa-2534,2534
2810,WERRI BEACH,WERRI BEACH 2534 NSW,20,,,,,0,werri-beach-2534,2534
2811,BACK FOREST,BACK FOREST 2535 NSW,20,,,,,0,back-forest-2535,2535
2812,BELLAWONGARAH,BELLAWONGARAH 2535 NSW,20,,,,,0,bellawongarah-2535,2535
2813,BERRY,BERRY 2535 NSW,20,,,,,0,berry-2535,2535
2814,BERRY MOUNTAIN,BERRY MOUNTAIN 2535 NSW,20,,,,,0,berry-mountain-2535,2535
2815,BROGERS CREEK,BROGERS CREEK 2535 NSW,20,,,,,0,brogers-creek-2535,2535
2816,BROUGHTON,BROUGHTON 2535 NSW,20,,,,,0,broughton-2535,2535
2817,BROUGHTON VALE,BROUGHTON VALE 2535 NSW,20,,,,,0,broughton-vale-2535,2535
2818,BUDDEROO,BUDDEROO 2535 NSW,20,,,,,0,budderoo-2535,2535
2829,BUCKENBOWRA,BUCKENBOWRA 2536 NSW,20,,,,,0,buckenbowra-2536,2536
2830,CATALINA,CATALINA 2536 NSW,20,,,,,0,catalina-2536,2536
2831,CURROWAN,CURROWAN 2536 NSW,20,,,,,0,currowan-2536,2536
2832,DENHAMS BEACH,DENHAMS BEACH 2536 NSW,20,,,,,0,denhams-beach-2536,2536
2833,DEPOT BEACH,DEPOT BEACH 2536 NSW,20,,,,,0,depot-beach-2536,2536
2834,DURRAS NORTH,DURRAS NORTH 2536 NSW,20,,,,,0,durras-north-2536,2536
2835,EAST LYNNE,EAST LYNNE 2536 NSW,20,,,,,0,east-lynne-2536,2536
2836,GUERILLA BAY,GUERILLA BAY 2536 NSW,20,,,,,0,guerilla-bay-2536,2536
2837,JEREMADRA,JEREMADRA 2536 NSW,20,,,,,0,jeremadra-2536,2536
2838,LONG BEACH,LONG BEACH 2536 NSW,20,,,,,0,long-beach-2536,2536
2839,MALONEYS BEACH,MALONEYS BEACH 2536 NSW,20,,,,,0,maloneys-beach-2536,2536
2840,MALUA BAY,MALUA BAY 2536 NSW,20,,,,,0,malua-bay-2536,2536
2841,NELLIGEN,NELLIGEN 2536 NSW,20,,,,,0,nelligen-2536,2536
2842,NORTH BATEMANS BAY,NORTH BATEMANS BAY 2536 NSW,20,,,,,0,north-batemans-bay-2536,2536
2843,PEBBLY BEACH,PEBBLY BEACH 2536 NSW,20,,,,,0,pebbly-beach-2536,2536
2844,ROSEDALE,ROSEDALE 2536 NSW,20,,,,,0,rosedale-2536,2536
2845,RUNNYFORD,RUNNYFORD 2536 NSW,20,,,,,0,runnyford-2536,2536
2846,SOUTH DURRAS,SOUTH DURRAS 2536 NSW,20,,,,,0,south-durras-2536,2536
2857,KIORA,KIORA 2537 NSW,20,,,,,0,kiora-2537,2537
2858,MERINGO,MERINGO 2537 NSW,20,,,,,0,meringo-2537,2537
2859,MOGENDOURA,MOGENDOURA 2537 NSW,20,,,,,0,mogendoura-2537,2537
2860,MORUYA,MORUYA 2537 NSW,20,,,,,0,moruya-2537,2537
2861,MORUYA HEADS,MORUYA HEADS 2537 NSW,20,,,,,0,moruya-heads-2537,2537
2862,MOSSY POINT,MOSSY POINT 2537 NSW,20,,,,,0,mossy-point-2537,2537
2863,TOMAKIN,TOMAKIN 2537 NSW,20,,,,,0,tomakin-2537,2537
2864,TURLINJAH,TURLINJAH 2537 NSW,20,,,,,0,turlinjah-2537,2537
2865,TUROSS HEAD,TUROSS HEAD 2537 NSW,20,,,,,0,tuross-head-2537,2537
2866,WAMBAN,WAMBAN 2537 NSW,20,,,,,0,wamban-2537,2537
2867,BROOMAN,BROOMAN 2538 NSW,20,,,,,0,brooman-2538,2538
2868,ULLADULLA,ULLADULLA 2538 NSW,20,,,,,0,ulladulla-2538,2538
2869,LITTLE FOREST,LITTLE FOREST 2538 NSW,20,,,,,0,little-forest-2538,2538
2870,MILTON,MILTON 2538 NSW,20,,,,,0,milton-2538,2538
2871,MOGOOD,MOGOOD 2538 NSW,20,,,,,0,mogood-2538,2538
2872,MORTON,MORTON 2538 NSW,20,,,,,0,morton-2538,2538
2873,PORTERS CREEK,PORTERS CREEK 2538 NSW,20,,,,,0,porters-creek-2538,2538
2874,BAWLEY POINT,BAWLEY POINT 2539 NSW,20,,,,,0,bawley-point-2539,2539
2885,KINGS POINT,KINGS POINT 2539 NSW,20,,,,,0,kings-point-2539,2539
2886,KIOLOA,KIOLOA 2539 NSW,20,,,,,0,kioloa-2539,2539
2887,LAKE CONJOLA,LAKE CONJOLA 2539 NSW,20,,,,,0,lake-conjola-2539,2539
2888,LAKE TABOURIE,LAKE TABOURIE 2539 NSW,20,,,,,0,lake-tabourie-2539,2539
2889,MANYANA,MANYANA 2539 NSW,20,,,,,0,manyana-2539,2539
2890,MOLLYMOOK,MOLLYMOOK 2539 NSW,20,,,,,0,mollymook-2539,2539
2891,MOLLYMOOK BEACH,MOLLYMOOK BEACH 2539 NSW,20,,,,,0,mollymook-beach-2539,2539
2892,MOUNT KINGIMAN,MOUNT KINGIMAN 2539 NSW,20,,,,,0,mount-kingiman-2539,2539
2893,NARRAWALLEE,NARRAWALLEE 2539 NSW,20,,,,,0,narrawallee-2539,2539
2894,POINTER MOUNTAIN,POINTER MOUNTAIN 2539 NSW,20,,,,,0,pointer-mountain-2539,2539
2895,TERMEIL,TERMEIL 2539 NSW,20,,,,,0,termeil-2539,2539
2896,ULLADULLA,ULLADULLA 2539 NSW,20,,,,,0,ulladulla-2539,2539
2897,YADBORO,YADBORO 2539 NSW,20,,,,,0,yadboro-2539,2539
2898,YATTE YATTAH,YATTE YATTAH 2539 NSW,20,,,,,0,yatte-yattah-2539,2539
2899,BAMARANG,BAMARANG 2540 NSW,20,,,,,0,bamarang-2540,2540
2900,BARRINGELLA,BARRINGELLA 2540 NSW,20,,,,,0,barringella-2540,2540
2901,BASIN VIEW,BASIN VIEW 2540 NSW,20,,,,,0,basin-view-2540,2540
2902,BEECROFT PENINSULA,BEECROFT PENINSULA 2540 NSW,20,,,,,0,beecroft-peninsula-2540,2540
2903,BERRARA,BERRARA 2540 NSW,20,,,,,0,berrara-2540,2540
2904,BEWONG,BEWONG 2540 NSW,20,,,,,0,bewong-2540,2540
2915,CAMBEWARRA VILLAGE,CAMBEWARRA VILLAGE 2540 NSW,20,,,,,0,cambewarra-village-2540,2540
2916,COMBERTON,COMBERTON 2540 NSW,20,,,,,0,comberton-2540,2540
2917,COMERONG ISLAND,COMERONG ISLAND 2540 NSW,20,,,,,0,comerong-island-2540,2540
2918,CUDMIRRAH,CUDMIRRAH 2540 NSW,20,,,,,0,cudmirrah-2540,2540
2919,CULBURRA BEACH,CULBURRA BEACH 2540 NSW,20,,,,,0,culburra-beach-2540,2540
2920,CURRARONG,CURRARONG 2540 NSW,20,,,,,0,currarong-2540,2540
2921,EROWAL BAY,EROWAL BAY 2540 NSW,20,,,,,0,erowal-bay-2540,2540
2922,ETTREMA,ETTREMA 2540 NSW,20,,,,,0,ettrema-2540,2540
2923,FALLS CREEK,FALLS CREEK 2540 NSW,20,,,,,0,falls-creek-2540,2540
2924,GREENWELL POINT,GREENWELL POINT 2540 NSW,20,,,,,0,greenwell-point-2540,2540
2925,HMAS CRESWELL,HMAS CRESWELL 2540 ACT,22,,,,,0,hmas-creswell-2540,2540
2926,HUSKISSON,HUSKISSON 2540 NSW,20,,,,,0,huskisson-2540,2540
2927,HYAMS BEACH,HYAMS BEACH 2540 NSW,20,,,,,0,hyams-beach-2540,2540
2928,ILLAROO,ILLAROO 2540 NSW,20,,,,,0,illaroo-2540,2540
2929,JERRAWANGALA,JERRAWANGALA 2540 NSW,20,,,,,0,jerrawangala-2540,2540
2930,JERVIS BAY,JERVIS BAY 2540 ACT,22,,,,,0,jervis-bay-2540,2540
2931,KINGHORNE,KINGHORNE 2540 NSW,20,,,,,0,kinghorne-2540,2540
2932,LONGREACH,LONGREACH 2540 NSW,20,,,,,0,longreach-2540,2540
2943,PYREE,PYREE 2540 NSW,20,,,,,0,pyree-2540,2540
2944,SANCTUARY POINT,SANCTUARY POINT 2540 NSW,20,,,,,0,sanctuary-point-2540,2540
2945,ST GEORGES BASIN,ST GEORGES BASIN 2540 NSW,20,,,,,0,st-georges-basin-2540,2540
2946,SUSSEX INLET,SUSSEX INLET 2540 NSW,20,,,,,0,sussex-inlet-2540,2540
2947,SWANHAVEN,SWANHAVEN 2540 NSW,20,,,,,0,swanhaven-2540,2540
2948,TALLOWAL,TALLOWAL 2540 NSW,20,,,,,0,tallowal-2540,2540
2949,TAPITALLEE,TAPITALLEE 2540 NSW,20,,,,,0,tapitallee-2540,2540
2950,TERARA,TERARA 2540 NSW,20,,,,,0,terara-2540,2540
2951,TOMERONG,TOMERONG 2540 NSW,20,,,,,0,tomerong-2540,2540
2952,TULLARWALLA,TULLARWALLA 2540 NSW,20,,,,,0,tullarwalla-2540,2540
2953,TWELVE MILE PEG,TWELVE MILE PEG 2540 NSW,20,,,,,0,twelve-mile-peg-2540,2540
2954,VINCENTIA,VINCENTIA 2540 NSW,20,,,,,0,vincentia-2540,2540
2955,WANDANDIAN,WANDANDIAN 2540 NSW,20,,,,,0,wandandian-2540,2540
2956,WATERSLEIGH,WATERSLEIGH 2540 NSW,20,,,,,0,watersleigh-2540,2540
2957,WOLLUMBOOLA,WOLLUMBOOLA 2540 NSW,20,,,,,0,wollumboola-2540,2540
2958,WOOLLAMIA,WOOLLAMIA 2540 NSW,20,,,,,0,woollamia-2540,2540
2969,SOUTH NOWRA,SOUTH NOWRA 2541 NSW,20,,,,,0,south-nowra-2541,2541
2970,WEST NOWRA,WEST NOWRA 2541 NSW,20,,,,,0,west-nowra-2541,2541
2971,BELOWRA,BELOWRA 2545 NSW,20,,,,,0,belowra-2545,2545
2972,BODALLA,BODALLA 2545 NSW,20,,,,,0,bodalla-2545,2545
2973,CADGEE,CADGEE 2545 NSW,20,,,,,0,cadgee-2545,2545
2974,EUROBODALLA,EUROBODALLA 2545 NSW,20,,,,,0,eurobodalla-2545,2545
2975,NERRIGUNDAH,NERRIGUNDAH 2545 NSW,20,,,,,0,nerrigundah-2545,2545
2976,POTATO POINT,POTATO POINT 2545 NSW,20,,,,,0,potato-point-2545,2545
2977,AKOLELE,AKOLELE 2546 NSW,20,,,,,0,akolele-2546,2546
2978,BARRAGGA BAY,BARRAGGA BAY 2546 NSW,20,,,,,0,barragga-bay-2546,2546
2979,BERMAGUI,BERMAGUI 2546 NSW,20,,,,,0,bermagui-2546,2546
2980,CENTRAL TILBA,CENTRAL TILBA 2546 NSW,20,,,,,0,central-tilba-2546,2546
2981,CORUNNA,CORUNNA 2546 NSW,20,,,,,0,corunna-2546,2546
2982,CUTTAGEE,CUTTAGEE 2546 NSW,20,,,,,0,cuttagee-2546,2546
2983,DALMENY,DALMENY 2546 NSW,20,,,,,0,dalmeny-2546,2546
2984,DIGNAMS CREEK,DIGNAMS CREEK 2546 NSW,20,,,,,0,dignams-creek-2546,2546
3433,KOWEN,KOWEN 2620 ACT,22,,,,,0,kowen-2620,2620
2995,BOURNDA,BOURNDA 2548 NSW,20,,,,,0,bournda-2548,2548
2996,MERIMBULA,MERIMBULA 2548 NSW,20,,,,,0,merimbula-2548,2548
2997,MIRADOR,MIRADOR 2548 NSW,20,,,,,0,mirador-2548,2548
2998,TURA BEACH,TURA BEACH 2548 NSW,20,,,,,0,tura-beach-2548,2548
2999,YELLOW PINCH,YELLOW PINCH 2548 NSW,20,,,,,0,yellow-pinch-2548,2548
3000,BALD HILLS,BALD HILLS 2549 NSW,20,,,,,0,bald-hills-2549,2549
3001,GREIGS FLAT,GREIGS FLAT 2549 NSW,20,,,,,0,greigs-flat-2549,2549
3002,LOCHIEL,LOCHIEL 2549 NSW,20,,,,,0,lochiel-2549,2549
3003,MILLINGANDI,MILLINGANDI 2549 NSW,20,,,,,0,millingandi-2549,2549
3004,NETHERCOTE,NETHERCOTE 2549 NSW,20,,,,,0,nethercote-2549,2549
3005,PAMBULA,PAMBULA 2549 NSW,20,,,,,0,pambula-2549,2549
3006,PAMBULA BEACH,PAMBULA BEACH 2549 NSW,20,,,,,0,pambula-beach-2549,2549
3007,SOUTH PAMBULA,SOUTH PAMBULA 2549 NSW,20,,,,,0,south-pambula-2549,2549
3018,COOLAGOLITE,COOLAGOLITE 2550 NSW,20,,,,,0,coolagolite-2550,2550
3019,COOLANGUBRA,COOLANGUBRA 2550 NSW,20,,,,,0,coolangubra-2550,2550
3020,COOPERS GULLY,COOPERS GULLY 2550 NSW,20,,,,,0,coopers-gully-2550,2550
3021,DEVILS HOLE,DEVILS HOLE 2550 NSW,20,,,,,0,devils-hole-2550,2550